{
  "WorkItem": {
    "AffectedComponent": {
      "Name": "",
      "DisplayName": ""
    },
    "ClosedComment": "",
    "ClosedDate": null,
    "CommentCount": 0,
    "Custom": null,
    "Description": "Hi,\n\nWhile downloading a book, application throwed error __{\"The remote server returned an error: (407) Proxy Authentication Required.\"}__ \n\nat line \n\n__pagesrc = wc.DownloadString(\"http://books.google.com/books?id=\" + bookid + \"&pg=\" + pid + \"&jscmd=click3\");__\n\nLet me know if further details required.\n\nThanks",
    "LastUpdatedDate": "2013-10-30T12:53:40.007-07:00",
    "PlannedForRelease": "",
    "ReleaseVisibleToPublic": false,
    "Priority": {
      "Name": "Low",
      "Severity": 50,
      "Id": 1
    },
    "ProjectName": "googlebookdownloader",
    "ReportedDate": "2013-02-13T03:44:28.373-08:00",
    "Status": {
      "Name": "Proposed",
      "Id": 1
    },
    "ReasonClosed": {
      "Name": "Unassigned"
    },
    "Summary": "Proxy Authentication Required Exception thrown",
    "Type": {
      "Name": "Issue",
      "Id": 3
    },
    "VoteCount": 1,
    "Id": 1427
  },
  "FileAttachments": [],
  "Comments": [
    {
      "Message": "Add a .config file to the .exe (Google Books Downloader Lite.exe.config) with this content or your proxy settings.\r\n\r\n```\n<?xml version=\"1.0\" encoding=\"utf-8\" ?>\n<configuration>\r\n\r\n  <system.net>\n    <defaultProxy useDefaultCredentials=\"true\"/>\n  </system.net>\r\n\r\n</configuration>\r\n\r\n```",
      "PostedDate": "2013-10-30T12:53:40.007-07:00",
      "Id": -2147483648
    }
  ]
}