{
  "WorkItem": {
    "AffectedComponent": {
      "Name": "",
      "DisplayName": ""
    },
    "ClosedComment": "",
    "ClosedDate": null,
    "CommentCount": 0,
    "Custom": null,
    "Description": "I searched for a page and google books came up with three results in the preview. When I tried to download the pages which I was able to read on screen, the downloader was unable to fetch them.",
    "LastUpdatedDate": "2016-10-02T09:13:49.393-07:00",
    "PlannedForRelease": "",
    "ReleaseVisibleToPublic": false,
    "Priority": {
      "Name": "Unassigned",
      "Severity": 0,
      "Id": 0
    },
    "ProjectName": "googlebookdownloader",
    "ReportedDate": "2015-03-09T19:01:23.36-07:00",
    "Status": {
      "Name": "Proposed",
      "Id": 1
    },
    "ReasonClosed": {
      "Name": "Unassigned"
    },
    "Summary": "Selected page not downloaded",
    "Type": {
      "Name": "Unassigned",
      "Id": 5
    },
    "VoteCount": 2,
    "Id": 1885
  },
  "FileAttachments": [],
  "Comments": []
}