{
  "WorkItem": {
    "AffectedComponent": {
      "Name": "",
      "DisplayName": ""
    },
    "ClosedComment": "",
    "ClosedDate": null,
    "CommentCount": 0,
    "Custom": null,
    "Description": "When I click on the full version button, it leads me to this page http://www.books43.com/index.php?p1=3 which frankly looks malicious.",
    "LastUpdatedDate": "2016-10-02T09:13:31.77-07:00",
    "PlannedForRelease": "",
    "ReleaseVisibleToPublic": false,
    "Priority": {
      "Name": "Unassigned",
      "Severity": 0,
      "Id": 0
    },
    "ProjectName": "googlebookdownloader",
    "ReportedDate": "2016-03-06T15:01:05.447-08:00",
    "Status": {
      "Name": "Proposed",
      "Id": 1
    },
    "ReasonClosed": {
      "Name": "Unassigned"
    },
    "Summary": "\"Full Version\" doesn't work",
    "Type": {
      "Name": "Unassigned",
      "Id": 5
    },
    "VoteCount": 2,
    "Id": 1946
  },
  "FileAttachments": [],
  "Comments": []
}