{
  "WorkItem": {
    "AffectedComponent": {
      "Name": "",
      "DisplayName": ""
    },
    "ClosedComment": "",
    "ClosedDate": null,
    "CommentCount": 0,
    "Custom": null,
    "Description": "The pages downloaded from Google Book by Google Book Downloader are in low resolution. To improve the resolution, you could add \"&w=1280\" at the download URL:\n\n``` C#\n--- C:/googlebookdownloader-19058/liteapp/Form1.cs\n+++ C:/googlebookdownloader-19058/liteapp/Form1.cs\n@@ -45,6 +45,7 @@\n                 {\n                     src = matches2[0].Result(\"${src}\");\n                     src = src.Replace(\"\\\\u0026\", \"&\");\n+\t\t\t\t\tsrc = src.Replace(\"zoom=3\", \"zoom=3&w=1280\");\n                     wc.DownloadFile(src, outdir + String.Format(\"{0:0000}\", i + 1) + \".png\");\n                 }\n                 progressBar1.Invoke(new Action(() => { progressBar1.Value = i; }));\n\n```",
    "LastUpdatedDate": "2017-11-27T03:02:49.243-08:00",
    "PlannedForRelease": "",
    "ReleaseVisibleToPublic": false,
    "Priority": {
      "Name": "Unassigned",
      "Severity": 0,
      "Id": 0
    },
    "ProjectName": "googlebookdownloader",
    "ReportedDate": "2017-11-27T02:48:31.233-08:00",
    "Status": {
      "Name": "Proposed",
      "Id": 1
    },
    "ReasonClosed": {
      "Name": "Unassigned"
    },
    "Summary": "Low resolution of downloaded pages",
    "Type": {
      "Name": "Unassigned",
      "Id": 5
    },
    "VoteCount": 1,
    "Id": 2068
  },
  "FileAttachments": [],
  "Comments": []
}