[
  {
    "Id": 1427,
    "Title": "Proxy Authentication Required Exception thrown"
  },
  {
    "Id": 1750,
    "Title": "Where"
  },
  {
    "Id": 1885,
    "Title": "Selected page not downloaded"
  },
  {
    "Id": 1946,
    "Title": "\"Full Version\" doesn't work"
  },
  {
    "Id": 1952,
    "Title": "Does not for correct"
  },
  {
    "Id": 2050,
    "Title": "google book downloader crashes on windows 10"
  },
  {
    "Id": 2068,
    "Title": "Low resolution of downloaded pages"
  }
]