{
  "WorkItem": {
    "AffectedComponent": {
      "Name": "",
      "DisplayName": ""
    },
    "ClosedComment": "",
    "ClosedDate": null,
    "CommentCount": 0,
    "Custom": null,
    "Description": "I downloaded a file then it finished, I can find it anywhere!",
    "LastUpdatedDate": "2015-11-05T17:48:16.2-08:00",
    "PlannedForRelease": "",
    "ReleaseVisibleToPublic": false,
    "Priority": {
      "Name": "Unassigned",
      "Severity": 0,
      "Id": 0
    },
    "ProjectName": "googlebookdownloader",
    "ReportedDate": "2014-05-21T05:09:05.227-07:00",
    "Status": {
      "Name": "Proposed",
      "Id": 1
    },
    "ReasonClosed": {
      "Name": "Unassigned"
    },
    "Summary": "Where",
    "Type": {
      "Name": "Unassigned",
      "Id": 5
    },
    "VoteCount": 1,
    "Id": 1750
  },
  "FileAttachments": [],
  "Comments": [
    {
      "Message": "sin1106\nhttp://www.usalouisvuittonoutlet-stores.com\nhttp://www.uggs-forwomen.net\nhttp://www.louisvuittonoutlet--2014.com\nhttp://www.nikerosherunflyknit.com\nhttp://www.stefanjanoskimax.net\nhttp://www.coachfactoryoutletonline2015.com\nhttp://www.moncler-forsale.net\nhttp://www.moncler-on-sale.org\nhttp://www.saleuggbootsoutletstore.net\nhttp://www.michaelkorspurses2015.net\nhttp://www.rosherunmen.org\nhttp://www.michaelkorsoutletonlinee.net\nhttp://www.coachfactory2015.com\nhttp://www.mensmonclerjacketsoutlet.net\nhttp://www.katespadehandbags-outlet.net\nhttp://www.kobe10sneaker.com\nhttp://www.katespadefactory.org\nhttp://www.2015michaelkorsoutlet.org\nhttp://www.cheapnikeairmaxltd.com\nhttp://www.michaelkorsoutletonline.win\nhttp://www.coach-outletcoupons.com\nhttp://www.nikeairmax90classic.com\nhttp://www.coachfactoryusa.net\nhttp://www.nikeairhuarache.net\nhttp://www.nikeairmaxtheapremium.com\nhttp://www.mkpurses2015.com\nhttp://www.katespade2015.org\nhttp://www.nike-airmaxthea.org\nhttp://www.michaelkorsoutletsonline.cc\nhttp://www.saleuggsoutletstore.org\nhttp://www.michaelkorsoutletstore.date\nhttp://www.michaelkorsoutlet.review\nhttp://www.louisvuitton-bags-2015.com\nhttp://www.nikeairmax90shoes.com\nhttp://www.mkmichaelkorsbags.net\nhttp://www.airmax90-ice.org\nhttp://www.2015coachfactoryoutlet.com\nhttp://www.cheaplouisvuitton-bagso.net\nhttp://www.katespadepursesus.org\nhttp://www.coachbagsoutletfactory.net\nhttp://www.coachoutlet2015.net\nhttp://www.louisvuittonclutchs.com\nhttp://www.coachoutlet-factorystore.org",
      "PostedDate": "2015-11-05T17:48:16.2-08:00",
      "Id": -2147483648
    }
  ]
}