[
  {
    "Id": "0",
    "Name": "Google Books Downloader Lite",
    "DevelopmentStatus": "Stable",
    "Description": "Google Books Downloader Lite\n\n[image:http://download-codeplex.sec.s-msft.com/Download?ProjectName=googlebookdownloader&DownloadId=377206]",
    "ReleasedDatge": "0001-01-01T00:00:00",
    "ModifiedDate": "2016-01-23T12:02:54.433-08:00",
    "Files": [
      {
        "Id": "bb2eff1b-6631-4298-bb78-f99b6f540dc6",
        "FileName": "GoogleBookDownloader.exe",
        "Url": "./0/bb2eff1b-6631-4298-bb78-f99b6f540dc6",
        "Type": "Application",
        "UploadDate": "2016-01-23T12:02:54.323-08:00"
      }
    ]
  }
]